rental_id,rental_date,inventory_id,customer_id,return_date,staff_id
1,2005-05-24 22:53:30,92,130,2005-05-26 22:04:30,1
2,2005-05-24 22:54:33,753,459,2005-05-28 19:40:33,1
3,2005-05-24 23:03:39,452,408,2005-06-01 22:12:39,1
4,2005-05-24 23:04:41,819,333,2005-06-03 01:43:41,2
5,2005-05-24 23:05:21,410,222,2005-06-02 04:33:21,1
6,2005-05-24 23:08:07,599,549,2005-05-27 01:32:07,1
7,2005-05-24 23:11:53,184,269,2005-05-29 20:34:53,2
8,2005-05-24 23:31:46,524,239,2005-05-27 23:33:46,2
9,2005-05-25 00:00:40,500,126,2005-05-28 00:22:40,1
10,2005-05-25 00:02:21,998,399,2005-05-31 22:44:21,2
11,2005-05-25 00:09:02,907,142,2005-06-02 20:56:02,2
12,2005-05-25 00:19:27,689,261,2005-05-30 05:44:27,2
13,2005-05-25 00:22:55,273,334,2005-05-30 04:28:55,1
14,2005-05-25 00:31:15,531,446,2005-05-26 02:56:15,1
15,2005-05-25 00:39:22,389,319,2005-06-03 03:30:22,1
16,2005-05-25 00:43:11,455,316,2005-05-26 04:42:11,2
17,2005-05-25 01:06:36,934,575,2005-05-27 00:43:36,1
18,2005-05-25 01:10:47,447,19,2005-05-31 06:35:47,2
19,2005-05-25 01:17:24,500,456,2005-05-31 06:00:24,1
20,2005-05-25 01:48:41,327,185,2005-05-27 02:20:41,2
21,2005-05-25 01:59:46,897,388,2005-05-26 01:01:46,2
22,2005-05-25 02:19:23,389,509,2005-05-26 04:52:23,2
23,2005-05-25 02:40:21,755,438,2005-05-29 06:34:21,1
24,2005-05-25 02:53:02,818,350,2005-05-27 01:15:02,1
25,2005-05-25 03:21:20,656,37,2005-05-27 21:25:20,2
26,2005-05-25 03:36:50,728,371,2005-05-31 00:34:50,1
27,2005-05-25 03:41:50,53,301,2005-05-30 01:13:50,2
28,2005-05-25 03:42:37,690,232,2005-05-26 09:26:37,2
29,2005-05-25 03:47:12,758,44,2005-05-30 00:31:12,2
30,2005-05-25 04:01:32,820,430,2005-05-30 03:12:32,1
31,2005-05-25 04:05:17,719,369,2005-05-30 07:15:17,1
32,2005-05-25 04:06:21,468,230,2005-05-25 23:55:21,1
33,2005-05-25 04:18:51,427,272,2005-05-27 03:58:51,1
34,2005-05-25 04:19:28,439,597,2005-05-29 00:10:28,2
35,2005-05-25 04:24:36,504,484,2005-05-27 07:02:36,2
36,2005-05-25 04:36:26,490,88,2005-05-29 00:31:26,1
37,2005-05-25 04:44:31,606,535,2005-05-29 01:03:31,1
38,2005-05-25 04:47:44,285,302,2005-06-01 00:58:44,1
39,2005-05-25 04:51:46,927,207,2005-05-31 03:14:46,2
40,2005-05-25 05:09:04,408,413,2005-05-27 23:12:04,1
41,2005-05-25 05:12:29,506,174,2005-06-02 00:28:29,1
42,2005-05-25 05:24:58,609,523,2005-05-31 02:47:58,2
43,2005-05-25 05:39:25,850,532,2005-05-26 06:54:25,2
44,2005-05-25 05:53:23,362,207,2005-05-29 10:56:23,2
45,2005-05-25 05:59:39,385,436,2005-06-02 09:56:39,2
46,2005-05-25 06:04:08,131,7,2005-06-02 08:18:08,2
47,2005-05-25 06:05:20,562,35,2005-05-30 03:04:20,1
48,2005-05-25 06:20:46,937,282,2005-06-02 05:42:46,1
49,2005-05-25 06:39:35,253,498,2005-05-30 10:12:35,2
50,2005-05-25 06:44:53,966,18,2005-05-28 11:28:53,2
51,2005-05-25 06:49:10,983,256,2005-05-26 06:42:10,1
52,2005-05-25 06:51:29,847,507,2005-05-31 01:27:29,2
53,2005-05-25 07:19:16,327,569,2005-05-27 05:19:16,2
54,2005-05-25 07:23:25,982,291,2005-06-01 05:05:25,2
55,2005-05-25 08:26:13,238,131,2005-05-30 10:57:13,1
56,2005-05-25 08:28:11,909,511,2005-05-26 14:21:11,1
57,2005-05-25 08:43:32,34,6,2005-05-29 06:42:32,2
58,2005-05-25 08:53:14,185,323,2005-05-28 14:40:14,1
59,2005-05-25 08:56:42,952,408,2005-06-01 09:52:42,1
60,2005-05-25 08:58:25,433,470,2005-05-30 14:14:25,1
61,2005-05-25 09:01:57,918,250,2005-06-02 07:22:57,2
62,2005-05-25 09:18:52,481,419,2005-05-30 10:55:52,1
63,2005-05-25 09:19:16,157,383,2005-05-27 04:24:16,1
64,2005-05-25 09:21:29,444,368,2005-06-03 11:31:29,1
65,2005-05-25 09:32:03,552,346,2005-05-29 14:21:03,1
66,2005-05-25 09:35:12,312,86,2005-05-29 04:16:12,2
67,2005-05-25 09:41:01,338,119,2005-05-27 13:46:01,2
68,2005-05-25 09:47:31,399,120,2005-05-31 10:20:31,2
69,2005-05-25 10:10:14,444,305,2005-05-27 14:02:14,2
70,2005-05-25 10:15:23,995,73,2005-05-27 05:56:23,2
71,2005-05-25 10:26:39,531,100,2005-05-28 04:59:39,1
72,2005-05-25 10:52:13,581,48,2005-05-28 05:52:13,2
73,2005-05-25 11:00:07,751,391,2005-06-01 13:56:07,2
74,2005-05-25 11:09:48,866,265,2005-05-26 12:23:48,2
75,2005-05-25 11:13:34,711,510,2005-06-03 12:58:34,1
76,2005-05-25 11:30:37,722,1,2005-06-03 12:00:37,2
77,2005-05-25 11:31:59,826,451,2005-05-26 16:53:59,2
78,2005-05-25 11:35:18,597,135,2005-05-31 12:48:18,2
79,2005-05-25 12:11:07,513,245,2005-06-03 10:54:07,2
80,2005-05-25 12:12:07,377,314,2005-05-31 17:46:07,2
81,2005-05-25 12:15:19,121,286,2005-06-02 14:08:19,2
82,2005-05-25 12:17:46,763,427,2005-06-01 10:48:46,1
83,2005-05-25 12:30:15,937,131,2005-05-27 15:40:15,1
84,2005-05-25 12:36:30,507,492,2005-05-29 18:33:30,1
85,2005-05-25 13:05:34,130,414,2005-05-29 16:53:34,1
86,2005-05-25 13:36:12,978,266,2005-05-30 14:53:12,1
87,2005-05-25 13:52:43,216,331,2005-05-29 11:12:43,2
88,2005-05-25 14:13:54,887,53,2005-05-29 09:32:54,2
89,2005-05-25 14:28:29,564,499,2005-05-29 14:33:29,1
90,2005-05-25 14:31:25,415,25,2005-06-01 10:07:25,1
91,2005-05-25 14:57:22,659,267,2005-06-01 18:32:22,1
92,2005-05-25 15:38:46,590,302,2005-05-31 13:40:46,2
93,2005-05-25 15:54:16,128,288,2005-06-03 20:18:16,1
94,2005-05-25 16:03:42,581,197,2005-05-30 14:23:42,1
95,2005-05-25 16:12:52,246,400,2005-06-02 18:55:52,2
96,2005-05-25 16:32:19,122,49,2005-05-30 10:47:19,2
97,2005-05-25 16:34:24,184,263,2005-05-28 12:13:24,2
98,2005-05-25 16:48:24,977,269,2005-05-27 11:29:24,2
99,2005-05-25 16:50:20,778,44,2005-05-28 18:52:20,1
100,2005-05-25 16:50:28,428,208,2005-06-02 22:11:28,1
101,2005-05-25 17:17:04,978,468,2005-05-31 19:47:04,1
102,2005-05-25 17:22:10,242,343,2005-05-31 19:47:10,1
103,2005-05-25 17:30:42,209,384,2005-06-03 22:36:42,1
104,2005-05-25 17:46:33,648,310,2005-05-27 15:20:33,1
105,2005-05-25 17:54:12,874,108,2005-05-30 12:03:12,2
106,2005-05-25 18:18:19,387,196,2005-06-04 00:01:19,2
107,2005-05-25 18:28:09,371,317,2005-06-03 22:46:09,2
108,2005-05-25 18:30:05,550,242,2005-05-30 19:40:05,1
109,2005-05-25 18:40:20,656,503,2005-05-29 20:39:20,2
110,2005-05-25 18:43:49,957,19,2005-06-03 18:13:49,2
111,2005-05-25 18:45:19,591,227,2005-05-28 17:18:19,1
112,2005-05-25 18:57:24,904,500,2005-06-02 20:44:24,1
113,2005-05-25 19:07:40,690,93,2005-05-27 22:16:40,2
114,2005-05-25 19:12:42,5,506,2005-06-01 23:10:42,1
115,2005-05-25 19:13:25,375,455,2005-05-29 20:17:25,1
116,2005-05-25 19:27:51,10,18,2005-05-26 16:23:51,1
117,2005-05-25 19:30:46,14,7,2005-05-31 23:59:46,2
118,2005-05-25 19:31:18,583,524,2005-05-31 15:00:18,1
119,2005-05-25 19:37:02,579,51,2005-05-29 23:51:02,2
120,2005-05-25 19:37:47,940,365,2005-06-01 23:29:47,2
121,2005-05-25 19:41:29,715,405,2005-05-29 21:31:29,1
122,2005-05-25 19:46:21,136,273,2005-06-02 19:07:21,1
123,2005-05-25 20:26:42,758,43,2005-05-26 19:41:42,1
124,2005-05-25 20:46:11,742,246,2005-05-30 00:47:11,2
125,2005-05-25 20:48:50,491,368,2005-06-02 21:39:50,1
126,2005-05-25 21:07:59,541,439,2005-05-28 18:51:59,1
127,2005-05-25 21:10:40,673,94,2005-06-02 21:38:40,1
128,2005-05-25 21:19:53,657,40,2005-05-29 23:34:53,1
129,2005-05-25 21:20:03,346,23,2005-06-04 01:25:03,2
130,2005-05-25 21:21:56,6,56,2005-05-30 22:41:56,2
131,2005-05-25 21:42:46,174,325,2005-05-30 23:25:46,2
132,2005-05-25 21:46:54,980,479,2005-05-31 21:02:54,1
133,2005-05-25 21:48:30,527,237,2005-05-30 00:26:30,2
134,2005-05-25 21:48:41,578,222,2005-06-02 18:28:41,1
135,2005-05-25 21:58:58,422,304,2005-06-03 17:50:58,1
136,2005-05-25 22:02:30,918,504,2005-05-31 18:06:30,1
137,2005-05-25 22:25:18,275,560,2005-06-01 02:30:18,2
138,2005-05-25 22:48:22,386,586,2005-05-29 20:21:22,2
139,2005-05-25 23:00:21,681,257,2005-05-29 17:12:21,1
140,2005-05-25 23:34:22,403,354,2005-05-27 01:10:22,1
141,2005-05-25 23:34:53,322,89,2005-06-02 01:57:53,1
142,2005-05-25 23:43:47,856,472,2005-05-29 00:46:47,2
143,2005-05-25 23:45:52,73,297,2005-05-27 21:41:52,2
144,2005-05-25 23:49:56,783,357,2005-06-01 21:41:56,2
145,2005-05-25 23:59:03,61,82,2005-05-31 02:56:03,1
146,2005-05-26 00:07:11,426,433,2005-06-04 00:20:11,2
147,2005-05-26 00:17:50,836,274,2005-05-29 23:21:50,2
148,2005-05-26 00:25:23,53,142,2005-06-01 19:29:23,2
149,2005-05-26 00:28:05,285,319,2005-06-02 21:30:05,2
150,2005-05-26 00:28:39,73,429,2005-06-01 02:10:39,2
151,2005-05-26 00:37:28,678,14,2005-05-30 06:28:28,1
152,2005-05-26 00:41:10,78,57,2005-06-03 06:05:10,1
153,2005-05-26 00:47:47,379,348,2005-05-27 21:28:47,1
154,2005-05-26 00:55:56,507,185,2005-05-29 23:18:56,2
155,2005-05-26 01:15:05,32,551,2005-06-01 00:03:05,1
156,2005-05-26 01:19:05,530,462,2005-05-27 23:43:05,1
157,2005-05-26 01:25:21,435,344,2005-05-26 21:17:21,2
158,2005-05-26 01:27:11,522,354,2005-06-03 00:30:11,2
159,2005-05-26 01:34:28,522,505,2005-05-29 04:00:28,1
160,2005-05-26 01:46:20,249,290,2005-06-01 05:45:20,1
161,2005-05-26 01:51:48,461,182,2005-05-27 05:42:48,1
162,2005-05-26 02:02:05,288,296,2005-05-27 03:38:05,2
163,2005-05-26 02:26:23,367,104,2005-06-04 06:36:23,1
164,2005-05-26 02:26:49,352,151,2005-05-28 00:32:49,1
165,2005-05-26 02:28:36,921,33,2005-06-02 03:21:36,1
166,2005-05-26 02:49:11,341,322,2005-05-31 01:28:11,1
167,2005-05-26 02:50:31,848,401,2005-05-27 03:07:31,1
168,2005-05-26 03:07:43,406,469,2005-06-02 02:09:43,2
169,2005-05-26 03:09:30,779,381,2005-05-27 01:37:30,2
170,2005-05-26 03:11:12,792,107,2005-06-02 03:53:12,1
171,2005-05-26 03:14:15,629,400,2005-06-03 00:24:15,2
172,2005-05-26 03:17:42,789,176,2005-05-29 04:11:42,2
173,2005-05-26 03:42:10,506,533,2005-05-28 01:37:10,2
174,2005-05-26 03:44:10,99,552,2005-05-28 07:13:10,2
175,2005-05-26 03:46:26,48,47,2005-06-03 06:01:26,2
176,2005-05-26 03:47:39,73,250,2005-06-01 02:36:39,2
177,2005-05-26 04:14:29,270,548,2005-06-01 08:16:29,2
178,2005-05-26 04:21:46,905,196,2005-06-04 07:09:46,2
179,2005-05-26 04:26:06,832,19,2005-06-03 10:06:06,1
180,2005-05-26 04:46:23,133,75,2005-06-01 09:58:23,1
181,2005-05-26 04:47:06,896,587,2005-05-29 06:34:06,2
182,2005-05-26 04:49:17,458,237,2005-06-01 05:43:17,2
183,2005-05-26 05:01:18,68,254,2005-06-01 09:04:18,1
184,2005-05-26 05:29:49,953,556,2005-05-28 10:10:49,1
185,2005-05-26 05:30:03,353,125,2005-06-02 09:48:03,2
186,2005-05-26 05:32:52,424,468,2005-06-03 07:19:52,2
187,2005-05-26 05:42:37,369,515,2005-06-04 00:38:37,1
188,2005-05-26 05:47:12,708,243,2005-05-26 23:48:12,1
189,2005-05-26 06:01:41,877,247,2005-05-27 06:11:41,1
190,2005-05-26 06:11:28,605,533,2005-06-01 09:44:28,1
191,2005-05-26 06:14:06,264,412,2005-05-28 05:33:06,1
192,2005-05-26 06:20:37,584,437,2005-06-02 10:57:37,1
193,2005-05-26 06:41:48,945,270,2005-05-30 06:21:48,2
194,2005-05-26 06:52:33,176,29,2005-05-30 04:08:33,2
195,2005-05-26 06:52:36,177,564,2005-05-31 02:47:36,2
196,2005-05-26 06:55:58,489,184,2005-05-27 10:54:58,1
197,2005-05-26 06:59:21,472,546,2005-06-03 05:04:21,2
198,2005-05-26 07:03:49,204,54,2005-06-04 11:45:49,1
199,2005-05-26 07:11:58,732,71,2005-05-28 09:06:58,1
200,2005-05-26 07:12:21,772,321,2005-05-31 12:07:21,1
201,2005-05-26 07:13:45,72,444,2005-06-04 02:02:45,2
202,2005-05-26 07:27:36,737,20,2005-06-02 03:52:36,1
203,2005-05-26 07:27:57,556,109,2005-06-03 12:52:57,1
204,2005-05-26 07:30:37,781,528,2005-05-30 08:11:37,1
205,2005-05-26 07:59:37,458,114,2005-05-29 09:43:37,2
206,2005-05-26 08:01:54,339,345,2005-05-27 06:26:54,1
207,2005-05-26 08:04:38,815,47,2005-05-27 09:32:38,2
208,2005-05-26 08:10:22,750,274,2005-05-27 03:55:22,1
209,2005-05-26 08:14:01,519,379,2005-05-27 09:00:01,1
210,2005-05-26 08:14:15,815,391,2005-05-27 12:12:15,2
211,2005-05-26 08:33:10,7,170,2005-05-28 14:09:10,1
212,2005-05-26 08:34:41,239,59,2005-05-30 12:46:41,2
213,2005-05-26 08:44:08,678,394,2005-05-31 12:33:08,2
214,2005-05-26 08:48:49,14,98,2005-05-31 04:06:49,2
215,2005-05-26 09:02:47,165,197,2005-05-28 09:45:47,2
216,2005-05-26 09:17:43,686,91,2005-06-03 08:21:43,1
217,2005-05-26 09:24:26,907,121,2005-05-31 03:24:26,2
218,2005-05-26 09:27:09,712,309,2005-06-04 11:53:09,2
219,2005-05-26 09:41:45,21,489,2005-05-28 04:40:45,1
220,2005-05-26 10:06:49,798,542,2005-06-01 07:43:49,1
221,2005-05-26 10:14:09,47,143,2005-05-29 05:57:09,1
222,2005-05-26 10:14:38,293,83,2005-05-31 08:36:38,2
223,2005-05-26 10:15:23,356,460,2005-05-30 11:43:23,1
224,2005-05-26 10:18:27,119,318,2005-06-04 06:59:27,1
225,2005-05-26 10:27:50,985,467,2005-06-01 07:01:50,2
226,2005-05-26 10:44:04,146,221,2005-05-31 13:26:04,2
227,2005-05-26 10:51:46,890,301,2005-05-30 07:24:46,1
228,2005-05-26 10:54:28,812,571,2005-06-04 09:39:28,1
229,2005-05-26 11:19:20,499,312,2005-05-31 11:56:20,2
230,2005-05-26 11:31:50,575,58,2005-05-30 15:22:50,1
231,2005-05-26 11:31:59,190,365,2005-05-27 07:27:59,1
232,2005-05-26 11:38:05,953,256,2005-05-27 08:42:05,2
233,2005-05-26 11:43:44,119,531,2005-05-28 17:28:44,2
234,2005-05-26 11:47:20,610,566,2005-06-03 10:39:20,2
235,2005-05-26 11:51:09,61,119,2005-06-04 09:36:09,1
236,2005-05-26 11:53:49,724,446,2005-05-28 13:55:49,1
237,2005-05-26 12:15:13,791,536,2005-05-29 18:10:13,1
238,2005-05-26 12:30:22,205,211,2005-05-27 06:49:22,1
239,2005-05-26 12:30:26,332,49,2005-06-01 13:26:26,2
240,2005-05-26 12:40:23,211,103,2005-06-04 07:22:23,1
241,2005-05-26 12:49:01,389,245,2005-05-28 11:43:01,2
242,2005-05-26 13:05:08,822,214,2005-06-02 15:26:08,1
243,2005-05-26 13:06:05,981,543,2005-06-03 17:28:05,2
244,2005-05-26 13:40:40,467,257,2005-05-31 11:58:40,1
245,2005-05-26 13:46:59,233,158,2005-05-27 09:58:59,2
246,2005-05-26 13:57:07,786,240,2005-05-29 10:12:07,2
247,2005-05-26 14:01:05,209,102,2005-05-28 13:38:05,2
248,2005-05-26 14:07:58,84,545,2005-05-31 14:03:58,2
249,2005-05-26 14:19:09,386,472,2005-05-28 17:47:09,2
250,2005-05-26 14:30:24,174,539,2005-05-27 08:50:24,1
251,2005-05-26 14:35:40,529,204,2005-05-29 17:17:40,1
252,2005-05-26 14:39:53,523,187,2005-06-02 14:48:53,1
253,2005-05-26 14:43:14,875,416,2005-05-27 12:21:14,1
254,2005-05-26 14:43:48,549,390,2005-05-31 09:19:48,2
255,2005-05-26 14:52:15,25,114,2005-05-27 12:45:15,1
256,2005-05-26 15:20:58,33,436,2005-05-31 15:58:58,1
257,2005-05-26 15:27:05,772,373,2005-05-29 16:25:05,2
258,2005-05-26 15:28:14,866,502,2005-05-30 18:38:14,2
259,2005-05-26 15:32:46,540,482,2005-06-04 15:27:46,2
260,2005-05-26 15:42:20,44,21,2005-05-31 13:21:20,2
261,2005-05-26 15:44:23,674,414,2005-06-02 09:47:23,2
262,2005-05-26 15:46:56,18,236,2005-05-28 15:49:56,2
263,2005-05-26 15:47:40,156,449,2005-05-30 10:07:40,2
264,2005-05-26 16:00:49,758,251,2005-05-27 10:12:49,2
265,2005-05-26 16:07:38,809,303,2005-06-01 14:20:38,1
266,2005-05-26 16:08:05,779,263,2005-05-27 10:55:05,2
267,2005-05-26 16:16:21,589,417,2005-05-30 16:53:21,2
268,2005-05-26 16:19:08,393,75,2005-05-27 14:35:08,1
269,2005-05-26 16:19:46,885,322,2005-05-27 15:59:46,2
270,2005-05-26 16:20:56,646,200,2005-06-03 12:40:56,2
271,2005-05-26 16:22:01,782,92,2005-06-03 17:30:01,2
272,2005-05-26 16:27:11,845,71,2005-06-03 13:10:11,2
273,2005-05-26 16:29:36,907,193,2005-05-29 18:49:36,2
274,2005-05-26 16:48:51,682,311,2005-06-03 18:17:51,1
275,2005-05-26 17:09:53,493,133,2005-06-04 22:35:53,1
276,2005-05-26 17:16:07,962,58,2005-06-03 12:59:07,1
277,2005-05-26 17:32:11,612,45,2005-05-28 22:54:11,1
278,2005-05-26 17:40:58,719,214,2005-06-02 16:43:58,2
279,2005-05-26 18:02:50,120,384,2005-06-03 18:48:50,2
280,2005-05-26 18:36:58,232,167,2005-05-27 23:42:58,1
281,2005-05-26 18:49:35,686,582,2005-05-27 18:11:35,2
282,2005-05-26 18:56:26,626,282,2005-06-01 16:32:26,2
283,2005-05-26 19:05:05,265,242,2005-05-31 19:19:05,1
284,2005-05-26 19:21:44,819,359,2005-06-04 14:18:44,2
285,2005-05-26 19:41:40,316,162,2005-05-31 16:58:40,2
286,2005-05-26 19:44:51,660,371,2005-06-04 18:00:51,2
287,2005-05-26 19:44:54,951,17,2005-06-02 01:10:54,1
288,2005-05-26 19:47:49,11,82,2005-06-03 20:53:49,2
289,2005-05-26 20:01:09,745,81,2005-05-28 15:09:09,1
290,2005-05-26 20:08:33,736,429,2005-05-30 00:32:33,1
291,2005-05-26 20:20:47,320,577,2005-06-03 02:06:47,2
292,2005-05-26 20:22:12,792,515,2005-06-05 00:58:12,1
293,2005-05-26 20:27:02,605,158,2005-06-03 16:45:02,2
294,2005-05-26 20:29:57,239,369,2005-05-28 17:20:57,1
295,2005-05-26 20:33:20,620,65,2005-05-27 18:23:20,2
296,2005-05-26 20:35:19,638,468,2005-06-04 02:31:19,2
297,2005-05-26 20:48:48,52,48,2005-05-27 19:52:48,2
298,2005-05-26 20:52:26,959,460,2005-05-29 22:08:26,2
299,2005-05-26 20:55:36,704,448,2005-05-28 00:25:36,2
300,2005-05-26 20:57:00,83,47,2005-06-05 01:34:00,2
301,2005-05-26 21:06:14,497,274,2005-06-01 01:54:14,2
302,2005-05-26 21:13:46,37,387,2005-06-03 15:49:46,2
303,2005-05-26 21:16:52,236,596,2005-05-27 23:41:52,2
304,2005-05-26 21:21:28,515,534,2005-06-02 00:05:28,1
305,2005-05-26 21:22:07,705,464,2005-06-02 22:33:07,2
306,2005-05-26 21:31:57,503,547,2005-05-28 19:37:57,1
307,2005-05-26 21:48:13,621,375,2005-06-04 22:24:13,1
308,2005-05-26 22:01:39,454,277,2005-06-04 20:24:39,2
309,2005-05-26 22:38:10,226,251,2005-06-02 03:10:10,2
310,2005-05-26 22:41:07,690,409,2005-06-02 04:09:07,1
311,2005-05-26 22:51:37,734,201,2005-06-01 00:02:37,1
312,2005-05-26 22:52:19,918,143,2005-06-02 18:14:19,2
313,2005-05-26 22:56:19,150,594,2005-05-29 01:29:19,2
314,2005-05-26 23:09:41,419,203,2005-05-28 22:49:41,2
315,2005-05-26 23:12:55,123,238,2005-05-29 23:33:55,1
316,2005-05-26 23:22:55,859,249,2005-05-29 23:25:55,2
317,2005-05-26 23:23:56,713,391,2005-06-01 19:56:56,2
318,2005-05-26 23:37:39,646,60,2005-06-03 04:31:39,2
319,2005-05-26 23:52:13,89,77,2005-05-30 18:55:13,1
320,2005-05-27 00:09:24,241,2,2005-05-28 04:30:24,2
322,2005-05-27 00:47:35,483,496,2005-06-02 00:32:35,1
323,2005-05-27 00:49:27,418,144,2005-05-30 03:12:27,1
324,2005-05-27 01:00:04,554,292,2005-05-30 04:27:04,1
325,2005-05-27 01:09:55,713,449,2005-05-31 07:01:55,2
326,2005-05-27 01:10:11,262,432,2005-06-04 20:25:11,2
327,2005-05-27 01:18:57,699,105,2005-06-04 04:06:57,1
328,2005-05-27 01:29:31,760,451,2005-06-01 02:27:31,1
329,2005-05-27 01:57:14,64,231,2005-05-31 04:19:14,2
330,2005-05-27 02:15:30,859,248,2005-06-04 05:09:30,2
331,2005-05-27 02:22:26,422,67,2005-06-05 00:25:26,1
332,2005-05-27 02:27:10,761,299,2005-06-03 01:26:10,2
333,2005-05-27 02:52:21,256,412,2005-06-01 00:55:21,2
334,2005-05-27 03:03:07,106,194,2005-05-29 03:54:07,1
335,2005-05-27 03:07:10,612,16,2005-06-05 00:15:10,2
336,2005-05-27 03:15:23,45,275,2005-05-29 22:43:23,1
337,2005-05-27 03:22:30,919,19,2005-06-02 03:27:30,1
338,2005-05-27 03:42:52,389,165,2005-06-01 05:23:52,2
339,2005-05-27 03:47:18,849,516,2005-06-04 05:46:18,2
340,2005-05-27 03:55:25,560,209,2005-06-04 07:57:25,2
341,2005-05-27 04:01:42,50,56,2005-06-05 08:51:42,1
342,2005-05-27 04:11:04,528,539,2005-05-29 01:28:04,2
343,2005-05-27 04:13:41,699,455,2005-05-28 08:34:41,1
344,2005-05-27 04:30:22,114,236,2005-05-29 10:13:22,2
345,2005-05-27 04:32:25,513,144,2005-05-31 09:50:25,1
346,2005-05-27 04:34:41,469,14,2005-06-05 04:24:41,2
347,2005-05-27 04:40:33,209,378,2005-05-28 09:56:33,2
348,2005-05-27 04:50:56,907,473,2005-06-01 04:43:56,1
349,2005-05-27 04:53:11,32,36,2005-05-28 06:33:11,2
350,2005-05-27 05:01:28,683,9,2005-06-04 05:01:28,2
351,2005-05-27 05:39:03,36,118,2005-06-01 11:10:03,1
352,2005-05-27 05:48:19,887,157,2005-05-29 09:05:19,1
353,2005-05-27 06:03:39,97,503,2005-06-03 04:39:39,2
354,2005-05-27 06:12:26,211,452,2005-06-01 06:48:26,1
355,2005-05-27 06:15:33,755,446,2005-06-01 02:50:33,2
356,2005-05-27 06:32:30,121,382,2005-05-30 06:24:30,2
357,2005-05-27 06:37:15,789,198,2005-05-30 07:04:15,2
358,2005-05-27 06:43:59,399,102,2005-05-29 11:28:59,2
359,2005-05-27 06:48:33,12,152,2005-05-29 03:55:33,1
360,2005-05-27 06:51:14,820,594,2005-06-03 01:58:14,1
361,2005-05-27 07:03:28,729,587,2005-05-31 08:01:28,1
362,2005-05-27 07:10:25,85,147,2005-06-01 08:34:25,1
363,2005-05-27 07:14:00,285,345,2005-05-28 12:22:00,2
364,2005-05-27 07:20:12,605,430,2005-05-31 10:44:12,2
365,2005-05-27 07:31:20,962,167,2005-06-04 04:46:20,1
366,2005-05-27 07:33:54,923,134,2005-06-04 01:55:54,2
367,2005-05-27 07:37:02,720,439,2005-05-30 05:43:02,2
368,2005-05-27 07:42:29,799,361,2005-06-04 11:20:29,2
369,2005-05-27 07:46:49,986,508,2005-06-01 06:20:49,2
370,2005-05-27 07:49:43,656,22,2005-06-05 06:39:43,2
371,2005-05-27 08:08:18,786,295,2005-06-05 03:05:18,2
372,2005-05-27 08:13:58,24,510,2005-06-04 03:50:58,2
373,2005-05-27 08:16:25,590,464,2005-06-01 11:41:25,1
374,2005-05-27 08:26:30,881,337,2005-06-05 07:13:30,1
375,2005-05-27 08:49:21,161,306,2005-06-04 14:11:21,1
376,2005-05-27 08:58:15,636,542,2005-06-02 04:48:15,1
377,2005-05-27 09:04:05,488,170,2005-06-02 03:36:05,2
378,2005-05-27 09:23:22,389,53,2005-05-29 15:20:22,1
379,2005-05-27 09:25:32,541,584,2005-06-02 06:19:32,1
380,2005-05-27 09:34:39,149,176,2005-06-04 11:45:39,1
381,2005-05-27 09:43:25,397,371,2005-05-31 12:00:25,1
382,2005-05-27 10:12:00,846,183,2005-05-31 15:03:00,1
383,2005-05-27 10:12:20,348,298,2005-06-03 10:37:20,1
384,2005-05-27 10:18:20,54,371,2005-06-02 09:21:20,2
385,2005-05-27 10:23:25,921,213,2005-05-30 15:27:25,2
386,2005-05-27 10:26:31,553,109,2005-05-30 08:32:31,1
387,2005-05-27 10:35:27,434,506,2005-06-01 13:37:27,2
388,2005-05-27 10:37:27,133,28,2005-05-30 05:45:27,1
389,2005-05-27 10:45:41,931,500,2005-06-05 06:22:41,2
390,2005-05-27 11:02:26,163,48,2005-06-02 16:09:26,2
391,2005-05-27 11:03:55,581,197,2005-06-01 11:59:55,2
392,2005-05-27 11:14:42,495,359,2005-06-01 14:28:42,2
393,2005-05-27 11:18:25,899,251,2005-05-28 07:10:25,2
394,2005-05-27 11:26:11,741,274,2005-06-03 16:44:11,2
395,2005-05-27 11:45:49,939,575,2005-05-31 13:42:49,1
396,2005-05-27 11:47:04,716,112,2005-05-29 10:14:04,1
397,2005-05-27 12:29:02,542,544,2005-05-28 17:36:02,2
398,2005-05-27 12:44:03,70,422,2005-06-02 08:19:03,1
399,2005-05-27 12:48:38,640,204,2005-05-29 15:27:38,1
400,2005-05-27 12:51:44,768,249,2005-05-31 08:34:44,2
401,2005-05-27 12:57:55,179,46,2005-05-29 17:55:55,2
402,2005-05-27 13:17:18,721,354,2005-05-30 08:53:18,2
403,2005-05-27 13:28:52,616,424,2005-05-29 11:47:52,2
404,2005-05-27 13:31:51,57,168,2005-05-30 16:58:51,1
405,2005-05-27 13:32:39,901,272,2005-06-05 18:53:39,2
406,2005-05-27 13:46:46,551,381,2005-05-30 12:43:46,1
407,2005-05-27 13:57:38,252,44,2005-05-31 18:23:38,1
408,2005-05-27 13:57:39,984,84,2005-05-28 11:57:39,1
409,2005-05-27 14:10:58,61,220,2005-06-02 10:40:58,2
410,2005-05-27 14:11:22,88,506,2005-06-02 20:06:22,2
411,2005-05-27 14:14:14,257,388,2005-06-03 17:39:14,1
412,2005-05-27 14:17:23,991,375,2005-05-29 15:07:23,2
413,2005-05-27 14:45:37,583,307,2005-06-03 11:11:37,1
414,2005-05-27 14:48:20,887,219,2005-05-31 14:39:20,2
415,2005-05-27 14:51:45,882,304,2005-05-28 19:07:45,2
416,2005-05-27 15:02:10,186,222,2005-05-29 10:34:10,2
417,2005-05-27 15:07:27,804,475,2005-05-29 20:01:27,2
418,2005-05-27 15:13:17,27,151,2005-06-04 12:05:17,2
419,2005-05-27 15:15:11,13,77,2005-06-02 11:53:11,1
420,2005-05-27 15:19:38,415,93,2005-06-03 15:07:38,2
421,2005-05-27 15:30:13,774,246,2005-06-04 13:19:13,2
422,2005-05-27 15:31:55,14,150,2005-06-01 11:47:55,2
423,2005-05-27 15:32:57,845,284,2005-06-02 19:03:57,1
424,2005-05-27 15:34:01,175,35,2005-06-05 09:44:01,1
425,2005-05-27 15:51:30,356,182,2005-06-03 16:52:30,2
426,2005-05-27 15:56:57,830,522,2005-06-05 11:45:57,1
427,2005-05-27 16:10:04,7,288,2005-06-05 13:22:04,2
428,2005-05-27 16:10:58,427,161,2005-05-31 17:24:58,2
429,2005-05-27 16:21:26,71,498,2005-06-05 20:23:26,2
430,2005-05-27 16:22:10,429,190,2005-06-05 13:10:10,1
431,2005-05-27 16:31:05,166,334,2005-06-05 11:29:05,1
432,2005-05-27 16:40:29,802,46,2005-05-29 16:20:29,1
433,2005-05-27 16:40:40,591,574,2005-05-30 19:55:40,2
434,2005-05-27 16:54:27,59,246,2005-06-04 22:26:27,1
435,2005-05-27 17:17:09,649,3,2005-06-02 11:20:09,2
436,2005-05-27 17:21:04,126,267,2005-05-30 21:26:04,2
437,2005-05-27 17:47:22,51,525,2005-06-05 14:22:22,2
438,2005-05-27 17:52:34,536,249,2005-06-05 22:23:34,2
439,2005-05-27 17:54:48,979,319,2005-06-02 23:01:48,2
440,2005-05-27 18:00:35,613,314,2005-05-29 16:15:35,1
441,2005-05-27 18:11:05,588,54,2005-05-30 22:45:05,1
442,2005-05-27 18:12:13,939,403,2005-05-30 12:30:13,2
443,2005-05-27 18:35:20,377,547,2005-06-04 18:58:20,1
444,2005-05-27 18:39:15,118,239,2005-06-01 15:56:15,1
445,2005-05-27 18:42:57,490,293,2005-05-30 22:35:57,2
446,2005-05-27 18:48:41,52,401,2005-06-03 16:42:41,2
447,2005-05-27 18:57:02,864,133,2005-06-05 18:38:02,1
448,2005-05-27 19:03:08,801,247,2005-06-03 20:28:08,2
449,2005-05-27 19:13:15,346,172,2005-06-04 01:08:15,2
450,2005-05-27 19:18:54,526,247,2005-06-05 23:52:54,1
451,2005-05-27 19:27:54,647,87,2005-05-29 01:07:54,2
452,2005-05-27 19:30:33,87,127,2005-05-30 20:53:33,2
453,2005-05-27 19:31:16,92,529,2005-05-29 23:06:16,1
454,2005-05-27 19:31:36,142,575,2005-05-30 15:46:36,1
455,2005-05-27 19:43:29,417,343,2005-06-04 23:40:29,2
456,2005-05-27 19:50:06,934,92,2005-06-02 22:14:06,1
457,2005-05-27 19:52:29,920,300,2005-06-02 17:17:29,2
458,2005-05-27 19:58:36,919,565,2005-06-06 00:51:36,1
459,2005-05-27 20:00:04,155,468,2005-05-29 22:47:04,1
460,2005-05-27 20:02:03,539,240,2005-05-28 16:14:03,1
461,2005-05-27 20:08:55,322,447,2005-06-01 14:32:55,1
462,2005-05-27 20:10:36,444,364,2005-06-03 21:12:36,2
463,2005-05-27 20:11:47,456,21,2005-06-04 21:18:47,1
464,2005-05-27 20:42:44,281,193,2005-05-30 00:49:44,2
465,2005-05-27 20:44:36,390,261,2005-06-02 02:43:36,1
466,2005-05-27 20:57:07,846,442,2005-05-29 15:52:07,1
467,2005-05-27 21:10:03,513,557,2005-06-01 16:08:03,1
468,2005-05-27 21:13:10,393,101,2005-06-04 15:26:10,2
469,2005-05-27 21:14:26,868,154,2005-06-05 21:51:26,1
470,2005-05-27 21:17:08,788,504,2005-06-04 17:47:08,1
471,2005-05-27 21:32:42,153,209,2005-05-31 00:39:42,2
472,2005-05-27 21:36:15,902,528,2005-05-29 21:07:15,1
473,2005-05-27 21:36:34,752,105,2005-06-05 17:02:34,1
474,2005-05-27 22:11:56,739,274,2005-05-31 19:07:56,1
475,2005-05-27 22:16:26,326,159,2005-05-28 19:58:26,1
476,2005-05-27 22:31:36,190,543,2005-06-03 19:12:36,1
477,2005-05-27 22:33:33,729,161,2005-06-02 18:35:33,2
478,2005-05-27 22:38:20,128,557,2005-05-31 18:39:20,2
479,2005-05-27 22:39:10,639,231,2005-06-05 22:46:10,2
480,2005-05-27 22:47:39,726,220,2005-06-04 21:17:39,2
481,2005-05-27 22:49:27,175,445,2005-05-30 17:46:27,2
482,2005-05-27 22:53:02,720,546,2005-06-01 22:53:02,2
483,2005-05-27 23:00:25,953,32,2005-05-28 21:30:25,1
484,2005-05-27 23:26:45,134,491,2005-05-29 21:16:45,2
485,2005-05-27 23:40:52,690,105,2005-05-28 22:40:52,2
486,2005-05-27 23:51:12,147,398,2005-05-28 20:26:12,1
487,2005-05-28 00:00:30,966,569,2005-05-28 19:18:30,2
488,2005-05-28 00:07:50,72,168,2005-06-03 22:30:50,2
489,2005-05-28 00:09:12,846,476,2005-05-31 04:44:12,2
490,2005-05-28 00:09:56,462,95,2005-05-30 22:32:56,2
491,2005-05-28 00:13:35,196,196,2005-05-29 00:11:35,2
492,2005-05-28 00:24:58,516,228,2005-05-28 22:34:58,1
493,2005-05-28 00:34:11,692,501,2005-05-30 18:40:11,1
494,2005-05-28 00:39:31,611,64,2005-06-02 19:35:31,1
495,2005-05-28 00:40:48,723,526,2005-05-29 06:07:48,1
496,2005-05-28 00:43:41,308,56,2005-06-04 03:56:41,1
497,2005-05-28 00:54:39,425,20,2005-06-03 20:47:39,2
498,2005-05-28 01:01:21,271,287,2005-05-30 21:20:21,2
499,2005-05-28 01:05:07,203,199,2005-06-05 19:54:07,2
500,2005-05-28 01:05:25,624,145,2005-05-31 20:04:25,1
501,2005-05-28 01:09:36,619,162,2005-05-30 06:14:36,2
502,2005-05-28 01:34:43,455,179,2005-05-31 01:02:43,2
503,2005-05-28 01:35:25,844,288,2005-05-28 22:12:25,2
504,2005-05-28 02:05:34,909,170,2005-05-30 23:03:34,1
505,2005-05-28 02:06:37,217,111,2005-05-29 06:57:37,1
506,2005-05-28 02:09:19,718,469,2005-06-05 20:34:19,1
507,2005-05-28 02:31:19,50,421,2005-06-02 05:07:19,2
508,2005-05-28 02:40:50,805,434,2005-06-05 03:05:50,1
509,2005-05-28 02:51:12,991,147,2005-05-31 06:27:12,1
510,2005-05-28 02:52:14,645,113,2005-05-30 21:20:14,2
511,2005-05-28 03:04:04,9,296,2005-06-03 04:58:04,1
512,2005-05-28 03:07:50,15,231,2005-06-05 02:12:50,2
513,2005-05-28 03:08:10,267,489,2005-05-29 07:22:10,1
514,2005-05-28 03:09:28,616,597,2005-06-05 00:49:28,2
515,2005-05-28 03:10:10,947,110,2005-06-04 02:18:10,2
516,2005-05-28 03:11:47,220,400,2005-06-04 02:19:47,1
517,2005-05-28 03:17:57,414,403,2005-05-29 06:33:57,1
518,2005-05-28 03:18:02,528,480,2005-05-30 05:32:02,1
519,2005-05-28 03:22:33,21,245,2005-06-03 05:06:33,1
520,2005-05-28 03:27:37,878,161,2005-06-04 05:47:37,1
521,2005-05-28 03:32:22,338,374,2005-05-28 22:37:22,1
522,2005-05-28 03:33:20,983,382,2005-05-31 04:23:20,1
523,2005-05-28 03:53:26,536,138,2005-05-31 05:58:26,2
524,2005-05-28 03:57:28,614,223,2005-05-31 05:20:28,1
525,2005-05-28 04:25:33,523,14,2005-06-06 04:18:33,1
526,2005-05-28 04:27:37,54,408,2005-05-30 07:52:37,1
527,2005-05-28 04:28:38,909,169,2005-06-02 08:19:38,1
528,2005-05-28 04:30:05,335,359,2005-06-03 10:01:05,2
529,2005-05-28 04:34:17,385,469,2005-05-30 00:35:17,1
530,2005-05-28 05:13:01,56,312,2005-06-01 10:21:01,2
531,2005-05-28 05:23:38,600,589,2005-05-29 08:00:38,2
532,2005-05-28 05:36:58,416,120,2005-06-02 01:50:58,1
533,2005-05-28 06:14:46,737,528,2005-06-01 06:26:46,2
534,2005-05-28 06:15:25,919,184,2005-06-06 07:51:25,1
535,2005-05-28 06:16:32,275,307,2005-05-31 02:48:32,1
536,2005-05-28 06:17:33,884,514,2005-06-03 10:02:33,2
537,2005-05-28 06:20:55,774,315,2005-06-05 11:48:55,2
538,2005-05-28 06:21:05,726,110,2005-06-02 01:22:05,2
539,2005-05-28 06:26:16,359,161,2005-05-30 02:02:16,1
540,2005-05-28 06:40:25,364,119,2005-06-06 00:47:25,1
541,2005-05-28 06:41:58,164,535,2005-06-02 09:12:58,2
542,2005-05-28 06:42:13,497,261,2005-06-03 09:05:13,1
543,2005-05-28 06:43:34,899,493,2005-06-06 07:16:34,2
544,2005-05-28 07:03:00,433,311,2005-06-06 06:23:00,1
545,2005-05-28 07:10:20,60,54,2005-06-04 01:47:20,2
546,2005-05-28 07:16:25,66,20,2005-06-01 08:36:25,1
547,2005-05-28 07:24:28,496,506,2005-06-06 01:31:28,2
548,2005-05-28 07:34:56,957,450,2005-06-05 03:14:56,2
549,2005-05-28 07:35:37,218,159,2005-06-02 09:08:37,1
550,2005-05-28 07:39:16,881,432,2005-06-06 12:20:16,2
551,2005-05-28 07:44:18,132,315,2005-06-02 12:55:18,2
552,2005-05-28 07:53:38,787,106,2005-06-04 12:45:38,2
553,2005-05-28 08:14:44,828,176,2005-06-02 03:01:44,2
554,2005-05-28 08:23:16,670,376,2005-05-31 03:29:16,2
555,2005-05-28 08:31:14,110,55,2005-05-30 07:34:14,2
556,2005-05-28 08:31:36,826,22,2005-06-06 07:29:36,2
557,2005-05-28 08:36:22,928,444,2005-06-03 10:42:22,2
558,2005-05-28 08:38:43,151,442,2005-06-06 13:52:43,1
559,2005-05-28 08:39:02,864,572,2005-06-05 08:38:02,2
560,2005-05-28 08:53:02,692,463,2005-06-04 12:27:02,2
561,2005-05-28 08:54:06,144,77,2005-06-05 05:54:06,1
562,2005-05-28 09:01:21,313,102,2005-06-02 05:26:21,2
563,2005-05-28 09:10:49,545,324,2005-06-06 11:32:49,1
564,2005-05-28 09:12:09,666,282,2005-05-29 05:07:09,1
565,2005-05-28 09:26:31,959,288,2005-06-01 07:28:31,1
566,2005-05-28 09:51:39,770,253,2005-06-05 09:35:39,1
567,2005-05-28 09:56:20,951,184,2005-06-01 06:41:20,2
568,2005-05-28 09:57:36,236,155,2005-05-31 15:44:36,1
569,2005-05-28 10:12:41,286,56,2005-06-03 10:08:41,2
570,2005-05-28 10:15:04,974,21,2005-05-30 08:32:04,1
571,2005-05-28 10:17:41,275,516,2005-06-05 07:56:41,1
572,2005-05-28 10:30:13,990,337,2005-06-02 05:04:13,2
573,2005-05-28 10:35:23,945,1,2005-06-03 06:32:23,1
574,2005-05-28 10:44:28,619,76,2005-06-04 11:42:28,1
575,2005-05-28 10:56:09,253,142,2005-06-05 15:39:09,1
576,2005-05-28 10:56:10,477,588,2005-06-04 13:15:10,2
577,2005-05-28 11:09:14,218,6,2005-06-01 13:27:14,2
578,2005-05-28 11:15:48,277,173,2005-06-02 09:59:48,1
579,2005-05-28 11:19:23,802,181,2005-06-02 13:51:23,1
580,2005-05-28 11:19:53,782,17,2005-06-01 10:44:53,2
581,2005-05-28 11:20:29,346,186,2005-06-04 12:37:29,2
582,2005-05-28 11:33:46,793,198,2005-05-29 08:33:46,1
583,2005-05-28 11:48:55,572,386,2005-06-04 07:09:55,2
584,2005-05-28 11:49:00,893,69,2005-06-01 11:54:00,1
585,2005-05-28 11:50:45,69,490,2005-06-03 15:35:45,2
586,2005-05-28 12:03:00,378,77,2005-05-29 13:16:00,1
587,2005-05-28 12:05:33,987,64,2005-05-30 13:45:33,2
588,2005-05-28 12:08:37,477,89,2005-05-29 16:25:37,2
589,2005-05-28 12:27:50,731,308,2005-06-03 07:15:50,2
590,2005-05-28 13:06:50,937,462,2005-06-02 09:18:50,1
591,2005-05-28 13:11:04,193,19,2005-05-29 17:20:04,2
592,2005-05-28 13:21:08,408,244,2005-05-29 16:55:08,1
593,2005-05-28 13:33:23,94,16,2005-05-30 17:10:23,2
594,2005-05-28 13:41:56,31,538,2005-05-30 12:00:56,1
595,2005-05-28 13:59:54,641,294,2005-06-05 15:16:54,1
596,2005-05-28 14:00:03,880,589,2005-05-29 17:10:03,1
597,2005-05-28 14:01:02,372,249,2005-06-06 19:06:02,2
598,2005-05-28 14:04:50,867,159,2005-06-03 18:00:50,2
599,2005-05-28 14:05:57,903,393,2005-06-01 16:41:57,2
600,2005-05-28 14:08:19,333,332,2005-06-03 11:57:19,2
601,2005-05-28 14:08:22,197,429,2005-06-04 10:50:22,1
602,2005-05-28 14:15:54,690,590,2005-06-05 15:16:54,2
603,2005-05-28 14:27:51,442,537,2005-05-29 13:13:51,1
604,2005-05-28 14:37:07,368,426,2005-06-03 11:03:07,2
605,2005-05-28 14:39:10,237,501,2005-06-01 09:28:10,2
606,2005-05-28 14:48:39,2,299,2005-06-04 09:44:39,2
607,2005-05-28 15:02:41,74,554,2005-05-30 12:54:41,2
608,2005-05-28 15:03:44,944,494,2005-06-04 17:14:44,2
609,2005-05-28 15:04:02,929,150,2005-06-05 14:47:02,2
610,2005-05-28 15:15:25,251,500,2005-06-02 12:30:25,2
611,2005-05-28 15:18:18,58,580,2005-05-31 20:15:18,2
612,2005-05-28 15:24:54,342,161,2005-05-30 14:22:54,2
613,2005-05-28 15:27:22,375,595,2005-06-02 20:01:22,1
614,2005-05-28 15:33:28,712,307,2005-06-04 12:27:28,2
615,2005-05-28 15:35:52,544,533,2005-06-03 17:35:52,2
616,2005-05-28 15:45:39,3,471,2005-06-02 09:55:39,1
617,2005-05-28 15:49:14,330,372,2005-05-31 14:29:14,2
618,2005-05-28 15:50:07,935,248,2005-06-01 19:45:07,1
619,2005-05-28 15:52:26,812,407,2005-06-06 17:55:26,2
620,2005-05-28 15:54:45,621,321,2005-06-04 20:26:45,1
621,2005-05-28 15:58:12,128,239,2005-05-30 21:54:12,1
622,2005-05-28 15:58:22,412,109,2005-06-04 10:13:22,1
623,2005-05-28 16:01:28,804,495,2005-05-30 11:19:28,1
624,2005-05-28 16:13:22,126,569,2005-06-06 20:35:22,1
625,2005-05-28 16:35:46,984,596,2005-06-01 14:19:46,1
626,2005-05-28 16:58:09,814,584,2005-06-01 14:02:09,2
627,2005-05-28 17:04:43,142,241,2005-06-04 19:58:43,2
628,2005-05-28 17:05:46,420,173,2005-06-06 16:29:46,2
629,2005-05-28 17:19:15,318,94,2005-06-02 20:01:15,2
630,2005-05-28 17:24:51,761,417,2005-06-05 20:05:51,2
631,2005-05-28 17:36:32,907,503,2005-06-03 14:56:32,2
632,2005-05-28 17:37:50,92,442,2005-06-03 16:04:50,1
633,2005-05-28 17:37:59,68,360,2005-06-03 22:49:59,2
634,2005-05-28 17:40:35,149,428,2005-06-05 16:18:35,2
635,2005-05-28 17:46:57,473,42,2005-06-06 18:24:57,1
636,2005-05-28 17:47:58,641,239,2005-06-04 16:32:58,1
637,2005-05-28 18:14:29,859,250,2005-05-29 23:48:29,2
638,2005-05-28 18:24:43,440,372,2005-06-02 19:03:43,2
639,2005-05-28 18:25:02,398,198,2005-05-29 18:22:02,1
640,2005-05-28 18:43:26,895,465,2005-05-30 13:39:26,1
641,2005-05-28 18:45:47,492,396,2005-06-04 15:24:47,1
642,2005-05-28 18:49:12,791,157,2005-06-01 20:50:12,2
643,2005-05-28 18:52:11,800,240,2005-05-31 15:15:11,2
644,2005-05-28 18:59:12,244,316,2005-06-04 18:06:12,1
645,2005-05-28 19:14:09,214,505,2005-06-05 14:01:09,1
646,2005-05-28 19:16:14,383,185,2005-05-31 16:50:14,2
647,2005-05-28 19:22:52,313,569,2005-06-01 00:10:52,1
648,2005-05-28 19:25:54,284,253,2005-06-03 15:57:54,2
649,2005-05-28 19:35:45,663,197,2005-06-05 16:00:45,1
650,2005-05-28 19:45:40,722,281,2005-05-29 21:02:40,1
651,2005-05-28 19:46:50,489,266,2005-05-30 16:29:50,1
652,2005-05-28 20:08:47,445,43,2005-05-29 14:57:47,2
653,2005-05-28 20:12:20,764,327,2005-06-04 14:44:20,2
654,2005-05-28 20:15:30,47,23,2005-05-30 22:02:30,2
655,2005-05-28 20:16:20,26,287,2005-05-31 16:46:20,2
656,2005-05-28 20:18:24,772,437,2005-05-30 16:19:24,1
657,2005-05-28 20:23:09,371,65,2005-06-01 02:11:09,1
658,2005-05-28 20:23:23,548,103,2005-06-06 19:31:23,2
659,2005-05-28 20:27:53,441,207,2005-05-31 01:36:53,2
660,2005-05-28 20:53:31,506,578,2005-05-30 15:26:31,1
661,2005-05-28 21:01:25,833,51,2005-06-02 01:22:25,2
662,2005-05-28 21:09:31,496,166,2005-06-01 19:00:31,2
663,2005-05-28 21:23:02,730,176,2005-06-02 17:39:02,2
664,2005-05-28 21:31:08,641,523,2005-06-02 20:56:08,2
665,2005-05-28 21:38:39,678,415,2005-05-29 21:37:39,1
666,2005-05-28 21:48:51,227,437,2005-06-05 16:45:51,2
667,2005-05-28 21:49:02,675,596,2005-05-31 03:07:02,1
668,2005-05-28 21:54:45,367,484,2005-05-29 22:32:45,1
669,2005-05-28 22:03:25,157,313,2005-06-03 03:39:25,1
670,2005-05-28 22:04:03,380,201,2005-06-06 22:43:03,2
671,2005-05-28 22:04:30,362,14,2005-06-03 01:21:30,2
672,2005-05-28 22:05:29,814,306,2005-06-06 02:10:29,2
673,2005-05-28 22:07:30,726,468,2005-06-01 23:42:30,1
674,2005-05-28 22:11:35,987,87,2005-06-01 23:58:35,2
675,2005-05-28 22:22:44,176,338,2005-06-01 02:57:44,2
676,2005-05-28 22:27:51,208,490,2005-05-29 20:36:51,2
677,2005-05-28 23:00:08,212,194,2005-06-05 19:11:08,2
678,2005-05-28 23:15:48,8,269,2005-06-03 04:43:48,2
679,2005-05-28 23:24:57,363,526,2005-06-06 21:59:57,2
680,2005-05-28 23:27:26,649,482,2005-06-02 02:28:26,2
681,2005-05-28 23:39:44,149,531,2005-06-01 01:42:44,1
682,2005-05-28 23:53:18,478,148,2005-05-29 19:14:18,2
683,2005-05-29 00:09:48,583,197,2005-06-02 04:27:48,1
684,2005-05-29 00:13:15,360,461,2005-06-04 21:26:15,2
685,2005-05-29 00:17:51,225,172,2005-06-05 05:32:51,2
686,2005-05-29 00:27:10,637,411,2005-05-30 02:29:10,1
687,2005-05-29 00:32:09,45,250,2005-05-31 23:53:09,1
688,2005-05-29 00:45:24,257,162,2005-06-02 01:30:24,1
689,2005-05-29 00:46:53,908,571,2005-06-03 23:48:53,2
690,2005-05-29 00:54:53,922,85,2005-06-06 00:45:53,1
691,2005-05-29 01:01:26,936,433,2005-06-07 06:21:26,1
692,2005-05-29 01:32:10,983,18,2005-06-02 03:54:10,2
693,2005-05-29 01:42:31,957,190,2005-06-03 02:29:31,2
694,2005-05-29 01:49:43,71,399,2005-06-05 06:52:43,1
695,2005-05-29 01:50:53,240,528,2005-06-03 02:28:53,1
696,2005-05-29 01:59:10,641,19,2005-06-01 02:45:10,1
697,2005-05-29 02:04:04,194,387,2005-06-04 00:47:04,2
698,2005-05-29 02:10:52,969,109,2005-06-01 21:52:52,1
699,2005-05-29 02:11:44,480,246,2005-06-04 20:23:44,2
700,2005-05-29 02:18:54,643,117,2005-05-30 05:54:54,1
701,2005-05-29 02:26:27,54,112,2005-06-03 04:59:27,1
702,2005-05-29 02:27:30,691,475,2005-05-30 01:52:30,2
703,2005-05-29 02:29:36,213,269,2005-06-03 04:54:36,2
704,2005-05-29 02:44:43,633,330,2005-06-06 01:51:43,2
705,2005-05-29 02:48:52,475,257,2005-05-30 06:21:52,1
706,2005-05-29 03:05:49,710,60,2005-06-04 22:48:49,1
707,2005-05-29 03:18:19,781,252,2005-05-30 02:45:19,1
708,2005-05-29 03:23:47,7,127,2005-05-31 21:27:47,2
709,2005-05-29 03:48:01,653,479,2005-06-06 05:21:01,1
710,2005-05-29 03:48:36,158,518,2005-06-03 05:03:36,1
711,2005-05-29 03:49:03,732,215,2005-05-31 08:29:03,2
712,2005-05-29 04:02:24,851,313,2005-05-30 03:09:24,2
713,2005-05-29 04:10:17,200,507,2005-06-07 07:13:17,1
714,2005-05-29 04:15:21,973,452,2005-06-01 23:05:21,2
715,2005-05-29 04:22:41,75,545,2005-06-05 09:28:41,1
716,2005-05-29 04:35:29,644,36,2005-06-01 07:42:29,2
717,2005-05-29 04:37:44,209,412,2005-05-30 05:48:44,2
718,2005-05-29 04:52:23,363,498,2005-06-02 02:27:23,1
719,2005-05-29 05:16:05,93,245,2005-06-01 07:53:05,2
720,2005-05-29 05:17:30,399,480,2005-06-06 02:47:30,2
721,2005-05-29 05:28:47,940,44,2005-05-31 11:24:47,1
722,2005-05-29 05:30:31,598,259,2005-06-06 04:51:31,1
723,2005-05-29 05:34:44,547,309,2005-05-30 05:50:44,1
724,2005-05-29 05:53:23,804,416,2005-06-05 04:01:23,2
725,2005-05-29 06:03:41,922,245,2005-06-03 08:52:41,2
726,2005-05-29 06:05:29,132,452,2005-06-05 04:40:29,2
727,2005-05-29 06:08:15,53,484,2005-05-30 07:16:15,1
728,2005-05-29 06:12:38,224,551,2005-06-03 07:41:38,1
729,2005-05-29 06:35:13,549,323,2005-06-04 03:23:13,2
730,2005-05-29 07:00:59,163,197,2005-06-06 01:17:59,1
731,2005-05-29 07:25:16,181,5,2005-05-30 05:21:16,1
732,2005-05-29 07:32:51,802,447,2005-05-30 10:08:51,2
733,2005-05-29 07:35:21,348,363,2005-06-05 09:14:21,1
734,2005-05-29 07:38:52,804,538,2005-06-03 10:17:52,2
735,2005-05-29 08:08:13,578,454,2005-06-07 13:35:13,1
736,2005-05-29 08:10:07,263,276,2005-06-05 10:21:07,2
737,2005-05-29 08:11:31,377,589,2005-06-04 11:18:31,2
738,2005-05-29 08:20:08,216,256,2005-06-06 08:59:08,2
739,2005-05-29 08:28:18,947,84,2005-06-06 09:21:18,2
740,2005-05-29 08:30:36,273,89,2005-06-04 12:47:36,2
741,2005-05-29 08:35:49,895,495,2005-06-04 11:55:49,1
742,2005-05-29 08:36:30,921,483,2005-06-05 11:30:30,1
743,2005-05-29 08:39:02,310,548,2005-06-06 08:42:02,2
744,2005-05-29 09:13:08,649,420,2005-06-01 07:05:08,2
745,2005-05-29 09:22:57,123,152,2005-06-01 09:10:57,1
746,2005-05-29 09:25:10,184,130,2005-06-02 04:20:10,2
747,2005-05-29 09:26:34,832,291,2005-06-05 07:28:34,1
748,2005-05-29 09:27:00,83,7,2005-06-03 04:25:00,1
749,2005-05-29 09:33:33,797,375,2005-05-31 11:45:33,2
750,2005-05-29 09:41:40,606,269,2005-05-30 13:31:40,1
751,2005-05-29 09:55:43,566,53,2005-06-02 04:54:43,1
752,2005-05-29 10:14:15,352,126,2005-06-04 06:30:15,1
753,2005-05-29 10:16:42,813,135,2005-06-05 08:52:42,2
754,2005-05-29 10:18:59,861,281,2005-06-04 05:03:59,2
755,2005-05-29 10:26:29,870,576,2005-06-01 10:25:29,2
756,2005-05-29 10:28:45,475,201,2005-06-04 12:50:45,1
757,2005-05-29 10:29:47,31,435,2005-06-07 15:27:47,1
758,2005-05-29 10:31:56,298,563,2005-06-01 14:53:56,2
759,2005-05-29 10:57:57,326,179,2005-06-07 16:23:57,2
760,2005-05-29 11:07:25,173,77,2005-06-02 14:16:25,1
761,2005-05-29 11:09:01,196,58,2005-06-03 16:18:01,2
762,2005-05-29 11:15:51,704,146,2005-06-06 07:48:51,1
763,2005-05-29 11:32:15,780,50,2005-05-31 17:31:15,1
764,2005-05-29 11:37:35,555,149,2005-05-31 16:47:35,1
765,2005-05-29 11:38:34,583,69,2005-06-02 17:04:34,1
766,2005-05-29 11:47:02,8,383,2005-06-06 07:14:02,1
767,2005-05-29 12:20:19,763,67,2005-06-02 14:15:19,2
768,2005-05-29 12:30:46,238,566,2005-06-07 09:00:46,2
769,2005-05-29 12:51:44,697,575,2005-06-01 17:43:44,1
770,2005-05-29 12:56:50,622,405,2005-06-07 15:54:50,2
771,2005-05-29 12:59:14,412,476,2005-06-01 16:05:14,2
772,2005-05-29 13:08:06,588,556,2005-06-06 08:19:06,1
773,2005-05-29 13:18:05,646,563,2005-06-07 17:22:05,1
774,2005-05-29 13:19:43,738,575,2005-06-01 18:51:43,1
775,2005-05-29 13:23:26,271,124,2005-05-30 07:53:26,2
776,2005-05-29 13:35:35,747,113,2005-06-03 17:33:35,1
777,2005-05-29 14:07:58,107,360,2005-06-03 08:41:58,2
778,2005-05-29 14:09:53,560,535,2005-06-05 20:05:53,1
779,2005-05-29 14:17:17,345,105,2005-06-06 16:46:17,1
780,2005-05-29 14:18:32,503,300,2005-06-06 20:14:32,1
781,2005-05-29 14:23:58,751,313,2005-05-30 17:44:58,1
782,2005-05-29 14:38:57,561,596,2005-06-02 13:18:57,2
783,2005-05-29 14:41:18,861,53,2005-06-06 10:39:18,2
784,2005-05-29 14:44:22,47,352,2005-06-01 17:28:22,2
785,2005-05-29 15:08:41,291,72,2005-05-30 15:51:41,1
786,2005-05-29 15:17:28,857,439,2005-06-07 10:07:28,2
787,2005-05-29 16:03:03,430,27,2005-06-07 11:07:03,2
788,2005-05-29 16:13:55,347,562,2005-05-31 16:40:55,1
789,2005-05-29 16:17:07,31,553,2005-06-06 18:15:07,1
790,2005-05-29 16:19:29,254,593,2005-06-02 17:22:29,2
791,2005-05-29 16:30:42,1,284,2005-06-01 19:11:42,1
792,2005-05-29 16:32:10,499,261,2005-05-31 18:01:10,1
793,2005-05-29 16:44:08,788,528,2005-06-06 19:21:08,2
794,2005-05-29 16:44:11,346,50,2005-06-05 16:11:11,1
795,2005-05-29 16:57:39,403,551,2005-06-01 11:33:39,2
796,2005-05-29 16:59:44,790,26,2005-06-03 16:22:44,2
797,2005-05-29 17:12:17,809,244,2005-06-03 16:06:17,1
798,2005-05-29 17:23:43,835,134,2005-06-01 13:06:43,2
799,2005-05-29 17:24:48,831,429,2005-06-05 12:25:48,1
800,2005-05-29 17:28:12,388,472,2005-05-30 14:59:12,1
801,2005-05-29 17:35:50,552,402,2005-06-04 17:05:50,2
802,2005-05-29 17:38:59,546,350,2005-05-31 22:42:59,2
803,2005-05-29 17:52:30,738,32,2005-05-30 14:35:30,2
804,2005-05-29 18:10:24,197,171,2005-06-06 22:53:24,1
805,2005-05-29 18:18:18,259,232,2005-06-07 15:11:18,2
806,2005-05-29 18:31:30,926,435,2005-05-31 00:18:30,2
807,2005-05-29 18:50:50,140,235,2005-06-03 18:36:50,2
808,2005-05-29 19:08:20,705,104,2005-06-06 20:32:20,2
809,2005-05-29 19:10:20,469,222,2005-06-05 19:05:20,2
810,2005-05-29 19:12:04,133,346,2005-06-04 21:12:04,2
811,2005-05-29 19:30:42,644,401,2005-06-02 16:19:42,2
812,2005-05-29 20:00:30,730,225,2005-05-30 19:43:30,2
813,2005-05-29 20:14:34,196,344,2005-06-05 20:56:34,1
814,2005-05-29 20:16:12,250,134,2005-06-07 17:47:12,1
815,2005-05-29 20:24:28,82,14,2005-06-03 15:32:28,1
816,2005-05-29 20:26:39,351,474,2005-06-06 22:31:39,2
817,2005-05-29 20:39:14,571,554,2005-05-31 18:24:14,1
818,2005-05-29 20:47:53,146,321,2005-06-02 23:18:53,2
819,2005-05-29 21:00:32,227,511,2005-06-02 15:15:32,2
820,2005-05-29 21:07:22,808,22,2005-06-07 00:22:22,2
821,2005-05-29 21:31:12,902,348,2005-06-04 22:49:12,1
822,2005-05-29 21:36:00,981,480,2005-06-07 17:24:00,1
823,2005-05-29 21:39:37,826,441,2005-05-30 22:06:37,1
824,2005-05-29 21:45:32,823,357,2005-05-31 19:01:32,1
825,2005-05-29 21:49:41,426,371,2005-06-04 20:27:41,2
826,2005-05-29 21:56:15,264,207,2005-06-08 03:18:15,1
827,2005-05-29 21:58:43,708,573,2005-06-06 00:54:43,1
828,2005-05-29 22:14:55,249,217,2005-05-30 17:22:55,1
829,2005-05-29 22:16:42,680,371,2005-06-06 01:38:42,1
830,2005-05-29 22:43:55,250,3,2005-06-01 17:43:55,1
831,2005-05-29 22:50:25,630,509,2005-06-06 02:27:25,1
832,2005-05-29 22:51:20,433,159,2005-06-07 17:37:20,2
833,2005-05-29 23:21:56,226,417,2005-06-02 18:40:56,1
834,2005-05-29 23:24:30,803,84,2005-05-30 22:00:30,2
835,2005-05-29 23:37:00,445,381,2005-06-02 23:38:00,1
836,2005-05-29 23:56:42,536,368,2005-05-31 04:11:42,2
837,2005-05-30 00:02:08,86,172,2005-06-02 05:31:08,2
838,2005-05-30 00:27:57,244,504,2005-06-06 22:19:57,2
839,2005-05-30 00:28:12,596,337,2005-06-08 02:43:12,1
840,2005-05-30 00:28:41,176,79,2005-05-31 20:39:41,2
841,2005-05-30 00:31:17,957,387,2005-06-02 19:14:17,1
842,2005-05-30 00:32:04,343,238,2005-06-01 02:21:04,1
843,2005-05-30 00:44:24,575,313,2005-05-31 00:58:24,2
844,2005-05-30 00:58:20,16,429,2005-06-01 00:38:20,1
845,2005-05-30 01:17:25,303,72,2005-06-07 02:00:25,1
846,2005-05-30 01:17:45,134,49,2005-06-01 00:56:45,2
847,2005-05-30 01:18:15,661,380,2005-06-06 20:20:15,2
848,2005-05-30 01:19:53,615,436,2005-06-05 23:40:53,1
849,2005-05-30 01:23:07,827,449,2005-06-07 01:50:07,1
850,2005-05-30 01:35:12,582,517,2005-05-31 01:51:12,1
851,2005-05-30 01:35:15,183,530,2005-06-06 07:27:15,1
852,2005-05-30 01:36:57,508,549,2005-06-01 22:44:57,1
853,2005-05-30 01:43:31,737,122,2005-06-01 02:05:31,1
854,2005-05-30 01:56:11,69,369,2005-06-01 06:34:11,2
855,2005-05-30 02:00:28,442,406,2005-06-03 20:16:28,2
856,2005-05-30 02:01:21,589,53,2005-06-07 03:25:21,1
857,2005-05-30 02:01:23,913,204,2005-06-02 06:07:23,2
858,2005-05-30 02:10:32,236,358,2005-06-01 04:42:32,1
859,2005-05-30 02:36:20,676,79,2005-06-02 07:49:20,2
860,2005-05-30 02:45:16,617,276,2005-06-08 07:28:16,1
861,2005-05-30 02:48:32,396,502,2005-06-06 05:43:32,1
862,2005-05-30 03:09:11,160,328,2005-06-03 21:27:11,1
863,2005-05-30 03:14:59,760,379,2005-06-05 04:34:59,2
864,2005-05-30 03:27:17,649,544,2005-06-06 08:28:17,1
865,2005-05-30 03:39:44,254,154,2005-06-07 08:10:44,2
866,2005-05-30 03:43:54,242,8,2005-06-08 04:28:54,1
867,2005-05-30 03:54:43,530,99,2005-06-01 22:59:43,1
868,2005-05-30 04:19:55,892,28,2005-05-31 02:28:55,1
869,2005-05-30 04:22:06,198,296,2005-06-03 09:18:06,2
870,2005-05-30 04:25:47,259,391,2005-06-06 04:32:47,1
871,2005-05-30 05:01:30,242,303,2005-06-04 06:22:30,2
872,2005-05-30 05:03:04,238,548,2005-06-06 10:35:04,1
873,2005-05-30 05:15:20,304,375,2005-06-07 00:49:20,2
874,2005-05-30 05:36:21,180,52,2005-06-01 09:32:21,1
875,2005-05-30 05:38:24,420,326,2005-06-06 00:34:24,2
876,2005-05-30 05:41:22,658,339,2005-06-07 09:06:22,2
877,2005-05-30 05:48:59,513,9,2005-06-02 09:30:59,1
878,2005-05-30 05:49:13,259,323,2005-06-07 04:35:13,1
879,2005-05-30 05:49:42,863,482,2005-06-05 01:45:42,2
880,2005-05-30 06:12:33,750,460,2005-06-02 04:35:33,2
881,2005-05-30 06:15:36,438,242,2005-06-02 10:21:36,1
882,2005-05-30 06:16:06,917,477,2005-06-02 11:57:06,1
883,2005-05-30 06:21:05,713,399,2005-06-07 04:50:05,2
884,2005-05-30 06:41:32,738,17,2005-05-31 07:39:32,1
885,2005-05-30 06:54:28,132,62,2005-06-03 07:03:28,2
886,2005-05-30 06:54:51,111,393,2005-06-01 06:04:51,2
887,2005-05-30 07:10:00,949,16,2005-06-01 06:48:00,2
888,2005-05-30 07:13:14,925,128,2005-06-06 09:50:14,1
889,2005-05-30 07:14:53,561,114,2005-05-31 07:56:53,2
890,2005-05-30 07:43:04,28,349,2005-06-01 11:26:04,1
891,2005-05-30 07:43:12,251,391,2005-06-08 09:21:12,1
892,2005-05-30 08:02:56,909,274,2005-06-05 12:51:56,1
893,2005-05-30 08:06:59,254,502,2005-06-07 08:23:59,2
894,2005-05-30 08:31:31,605,400,2005-06-07 12:39:31,1
895,2005-05-30 08:50:43,903,192,2005-06-05 10:58:43,1
896,2005-05-30 09:03:52,176,207,2005-06-05 07:37:52,2
897,2005-05-30 09:10:01,775,432,2005-06-08 03:43:01,1
898,2005-05-30 09:26:19,138,384,2005-06-01 10:45:19,2
899,2005-05-30 09:29:30,256,156,2005-06-06 12:39:30,2
900,2005-05-30 09:38:41,57,586,2005-06-07 11:54:41,1
901,2005-05-30 09:40:40,949,259,2005-06-02 10:32:40,1
902,2005-05-30 09:53:36,916,561,2005-06-07 12:10:36,1
903,2005-05-30 10:11:29,127,197,2005-06-03 09:33:29,1
904,2005-05-30 10:19:42,726,44,2005-06-05 04:58:42,2
905,2005-05-30 10:25:00,217,50,2005-06-06 06:23:00,1
906,2005-05-30 10:30:38,229,549,2005-06-07 06:44:38,2
907,2005-05-30 10:37:27,435,506,2005-06-02 09:51:27,1
908,2005-05-30 10:38:37,891,85,2005-06-03 09:56:37,1
909,2005-05-30 10:43:38,215,486,2005-06-08 12:07:38,1
910,2005-05-30 10:46:16,145,374,2005-06-04 13:32:16,1
911,2005-05-30 10:50:22,27,366,2005-06-07 12:26:22,2
912,2005-05-30 10:58:33,403,390,2005-05-31 09:31:33,2
913,2005-05-30 11:04:58,781,369,2005-06-07 13:22:58,2
914,2005-05-30 11:06:00,755,596,2005-06-04 06:07:00,2
915,2005-05-30 11:20:27,807,115,2005-06-02 11:55:27,1
916,2005-05-30 11:25:01,529,6,2005-05-31 09:06:01,1
917,2005-05-30 11:27:06,580,385,2005-06-02 08:31:06,1
918,2005-05-30 11:32:24,210,197,2005-05-31 07:55:24,2
919,2005-05-30 11:35:06,462,374,2005-06-02 13:16:06,2
920,2005-05-30 11:44:01,257,584,2005-06-02 08:19:01,2
921,2005-05-30 11:53:09,146,508,2005-06-03 10:00:09,2
922,2005-05-30 11:55:55,861,550,2005-06-08 10:12:55,2
923,2005-05-30 11:58:50,364,37,2005-06-05 09:57:50,1
924,2005-05-30 12:10:59,283,293,2005-06-04 17:28:59,1
925,2005-05-30 12:13:52,720,137,2005-06-02 14:41:52,2
926,2005-05-30 12:15:54,666,76,2005-06-01 08:53:54,2
927,2005-05-30 12:16:40,913,167,2005-05-31 16:20:40,2
928,2005-05-30 12:27:14,915,79,2005-06-05 13:56:14,2
929,2005-05-30 12:32:39,157,536,2005-06-06 12:17:39,1
930,2005-05-30 12:44:57,516,141,2005-06-04 10:53:57,2
931,2005-05-30 12:53:01,741,421,2005-05-31 14:28:01,1
932,2005-05-30 12:55:36,663,198,2005-05-31 10:30:36,2
933,2005-05-30 13:08:45,626,66,2005-06-01 18:56:45,1
934,2005-05-30 13:24:46,867,60,2005-06-08 16:44:46,2
935,2005-05-30 13:29:36,133,256,2005-06-02 11:08:36,1
936,2005-05-30 13:52:49,475,469,2005-06-07 16:56:49,1
937,2005-05-30 14:47:31,688,304,2005-06-05 09:53:31,2
938,2005-05-30 14:47:31,208,46,2005-06-04 10:10:31,2
939,2005-05-30 14:49:34,447,367,2005-06-01 19:00:34,1
940,2005-05-30 15:01:02,10,534,2005-06-01 18:26:02,1
941,2005-05-30 15:02:25,319,562,2005-06-01 17:19:25,1
942,2005-05-30 15:05:47,756,473,2005-06-08 15:59:47,2
943,2005-05-30 15:20:19,103,57,2005-06-06 18:53:19,1
944,2005-05-30 15:26:24,144,131,2005-06-07 18:09:24,2
945,2005-05-30 15:33:17,796,357,2005-06-02 15:02:17,2
946,2005-05-30 15:35:08,774,486,2005-06-08 11:38:08,1
947,2005-05-30 15:36:57,896,62,2005-06-04 18:48:57,1
948,2005-05-30 15:44:27,775,245,2005-06-08 17:30:27,2
949,2005-05-30 15:50:39,265,368,2005-06-03 14:25:39,1
950,2005-05-30 16:06:08,20,83,2005-06-01 11:43:08,1
951,2005-05-30 16:10:35,425,59,2005-05-31 19:01:35,2
952,2005-05-30 16:28:07,252,311,2005-06-02 16:12:07,2
953,2005-05-30 16:34:02,315,210,2005-05-31 20:34:02,1
954,2005-05-30 16:57:29,807,297,2005-06-08 13:30:29,2
955,2005-05-30 16:59:03,785,301,2005-05-31 11:58:03,2
956,2005-05-30 17:30:28,174,296,2005-06-07 13:54:28,2
957,2005-05-30 17:53:29,474,440,2005-06-03 15:31:29,2
958,2005-05-30 17:58:03,435,186,2005-06-01 19:17:03,2
959,2005-05-30 18:07:00,303,535,2005-06-02 14:37:00,2
960,2005-05-30 18:13:23,168,445,2005-06-04 00:12:23,2
961,2005-05-30 18:16:44,173,588,2005-06-04 23:40:44,2
962,2005-05-30 18:45:17,577,520,2005-06-05 22:47:17,1
963,2005-05-30 18:52:53,873,225,2005-06-07 16:19:53,2
964,2005-05-30 18:53:21,396,287,2005-06-04 22:32:21,2
965,2005-05-30 19:00:14,933,502,2005-05-31 17:10:14,2
966,2005-05-30 19:00:37,872,496,2005-05-31 23:51:37,1
967,2005-05-30 19:12:06,991,330,2005-06-09 00:02:06,2
968,2005-05-30 19:20:03,697,576,2005-05-31 18:17:03,2
969,2005-05-30 19:23:48,212,551,2005-05-31 21:14:48,1
970,2005-05-30 19:50:28,826,307,2005-06-09 01:19:28,1
971,2005-05-30 20:10:52,369,561,2005-06-06 20:47:52,1
972,2005-05-30 20:21:07,306,411,2005-06-06 00:36:07,1
973,2005-05-30 20:27:45,636,473,2005-06-08 22:47:45,2
974,2005-05-30 20:28:42,564,596,2005-06-08 23:45:42,2
975,2005-05-30 21:07:15,922,7,2005-06-03 01:48:15,2
976,2005-05-30 21:11:19,136,581,2005-06-06 02:16:19,2
977,2005-05-30 21:22:26,857,394,2005-06-04 22:32:26,2
978,2005-05-30 21:30:52,438,154,2005-06-07 16:22:52,1
979,2005-05-30 21:37:11,848,279,2005-06-08 00:24:11,2
980,2005-05-30 21:45:19,822,273,2005-06-01 20:32:19,1
981,2005-05-30 21:52:42,571,326,2005-06-01 03:15:42,2
982,2005-05-30 22:15:24,657,524,2005-06-02 16:18:24,1
983,2005-05-30 22:15:51,852,115,2005-06-02 22:56:51,1
984,2005-05-30 22:17:17,429,262,2005-06-01 20:15:17,2
985,2005-05-30 22:18:35,480,564,2005-06-04 23:36:35,1
986,2005-05-30 22:22:52,98,253,2005-06-01 02:24:52,1
987,2005-05-30 22:59:12,398,11,2005-06-07 20:56:12,1
988,2005-05-30 23:08:03,108,12,2005-06-07 00:22:03,1
989,2005-05-30 23:11:51,913,83,2005-06-03 20:36:51,2
990,2005-05-30 23:25:14,660,311,2005-06-06 18:41:14,2
991,2005-05-30 23:29:22,735,593,2005-06-07 23:16:22,1
992,2005-05-30 23:47:56,133,123,2005-06-05 19:01:56,1
993,2005-05-30 23:54:19,718,513,2005-06-04 21:27:19,1
994,2005-05-30 23:55:36,663,472,2005-06-04 01:00:36,2
995,2005-05-31 00:06:02,922,150,2005-06-06 02:30:02,2
996,2005-05-31 00:06:20,825,331,2005-05-31 21:29:20,2
997,2005-05-31 00:08:25,938,216,2005-06-02 00:17:25,2
998,2005-05-31 00:16:57,855,389,2005-06-01 22:41:57,1
999,2005-05-31 00:25:10,913,413,2005-06-03 06:05:10,2
1000,2005-05-31 00:25:56,542,332,2005-06-08 19:42:56,2
1001,2005-05-31 00:46:31,996,64,2005-06-06 06:14:31,2
